Home_ID,Square_Ft,Age,Roof_Type,Crime_Rate,Flood_Risk,Fire_Distance,Security_System,Deductible,Total_Item_Value,Premium
0,4059,8,Shingle,Low,No,2.1,Yes,1000,172976,4696
1,1795,18,Tile,High,Yes,4.4,Yes,5000,97482,3600
2,4649,2,Metal,Medium,No,7.0,No,500,155021,2314
3,1470,18,Shingle,Medium,Yes,9.4,No,1000,23482,2920
4,3466,14,Shingle,High,No,2.7,Yes,5000,198453,3699
5,4540,43,Tile,Medium,Yes,5.1,No,2000,110173,861
6,3760,23,Shingle,Medium,No,3.7,Yes,500,148759,4940
7,3004,12,Shingle,Low,No,2.2,No,500,168138,1892
8,4490,29,Tile,Medium,No,8.0,No,500,63059,1392
9,1438,0,Shingle,High,No,9.3,Yes,500,173210,1561
10,1413,3,Shingle,Medium,No,4.5,Yes,1000,180424,2419
11,2547,7,Shingle,High,Yes,8.2,Yes,500,81208,4183
12,4715,32,Shingle,Low,Yes,2.1,Yes,1000,17236,4784
13,1701,17,Tile,Low,No,6.9,No,500,39414,1627
14,4677,4,Tile,Medium,No,7.6,Yes,2000,23739,3316
15,3212,1,Tile,High,Yes,5.9,Yes,2000,191279,1701
16,1067,18,Tile,Medium,Yes,3.7,Yes,1000,125571,3723
17,4195,3,Metal,Low,No,4.3,No,1000,95906,4785
18,2812,0,Tile,High,Yes,7.6,No,1000,121932,2531
19,2415,35,Tile,Medium,No,1.5,No,2000,149059,4867
20,3762,15,Tile,Low,Yes,5.6,No,5000,107557,1921
21,3629,14,Metal,High,No,9.1,No,500,143656,4744
22,3086,11,Shingle,Low,Yes,2.9,Yes,5000,84759,1673
23,2232,24,Tile,Medium,Yes,8.3,Yes,2000,191452,4743
24,4015,0,Shingle,Medium,Yes,7.9,No,5000,188447,1389
25,2694,25,Metal,High,Yes,4.4,No,500,157354,3080
26,2407,12,Shingle,Low,Yes,2.2,Yes,500,182568,3007
27,3986,43,Shingle,Low,No,5.1,No,500,64324,3826
28,1789,29,Shingle,High,Yes,5.3,No,1000,12363,4626
29,4165,22,Metal,Medium,No,6.2,Yes,1000,31865,1692
30,3265,31,Tile,Medium,Yes,1.6,No,5000,71206,2485
31,3173,10,Metal,High,Yes,9.6,No,500,67857,3999
32,3994,12,Metal,Low,Yes,3.7,Yes,1000,53987,1654
33,1673,6,Shingle,Low,Yes,4.9,No,2000,35258,1478
34,1654,12,Metal,Low,No,8.8,Yes,5000,90623,4509
35,1351,43,Shingle,Low,Yes,5.7,Yes,2000,86337,1240
36,4541,34,Tile,Medium,No,6.2,Yes,5000,77926,1973
37,4064,40,Shingle,Low,Yes,1.1,Yes,5000,93412,3572
38,3330,35,Metal,High,No,0.8,No,500,83226,1484
39,4784,34,Tile,Medium,Yes,7.5,Yes,2000,57691,2298
40,1821,17,Shingle,High,Yes,4.0,Yes,500,80176,4104
41,1278,23,Metal,Medium,No,6.4,Yes,2000,32217,3038
42,3219,0,Tile,Medium,Yes,2.3,No,5000,178000,1065
43,1581,14,Tile,High,No,7.4,No,2000,166706,3073
44,1604,4,Shingle,Low,No,1.3,No,500,30074,3304
45,2557,29,Shingle,High,Yes,6.0,No,2000,110115,3713
46,1812,7,Shingle,High,Yes,6.8,No,1000,130602,1300
47,2197,14,Tile,Medium,Yes,7.3,Yes,5000,76970,4056
48,3648,23,Tile,Medium,Yes,4.8,Yes,2000,127542,4495
49,3616,11,Metal,Low,No,2.4,Yes,5000,134433,4687
50,4344,46,Metal,High,Yes,5.2,No,5000,70759,4488
51,3640,37,Shingle,High,No,8.3,No,5000,43672,1852
52,3650,25,Metal,Low,No,8.1,Yes,500,160665,4101
53,1314,46,Shingle,High,Yes,1.1,Yes,5000,132342,858
54,1139,29,Shingle,High,Yes,2.4,No,500,89901,2446
55,2784,41,Tile,Low,Yes,6.2,No,500,52349,3487
56,1434,13,Shingle,High,Yes,6.3,No,500,162182,4466
57,4221,17,Tile,High,Yes,6.7,No,1000,139915,2116
58,2321,33,Tile,High,No,8.4,No,1000,113759,1948
59,2791,10,Metal,High,Yes,4.6,No,500,179408,3139
60,2188,32,Metal,High,No,7.9,No,500,178125,4332
61,1699,7,Metal,Low,No,5.7,Yes,2000,19963,4916
62,4525,40,Tile,Low,Yes,3.9,No,1000,160690,3762
63,3688,29,Tile,High,No,5.7,No,500,99769,2943
64,2687,32,Tile,High,No,7.4,No,2000,30280,2332
65,1495,10,Tile,Low,No,6.8,Yes,5000,132279,3865
66,4252,23,Tile,Medium,Yes,1.6,Yes,1000,54067,4996
67,3109,22,Tile,High,No,7.5,Yes,2000,97666,3273
68,1541,14,Shingle,Low,No,3.6,No,500,34491,4060
69,3781,26,Shingle,Low,No,3.3,No,500,21851,1181
70,3153,11,Shingle,High,Yes,3.0,No,2000,104964,4947
71,1084,6,Shingle,High,No,4.2,Yes,2000,105916,2708
72,4478,35,Metal,Low,No,2.4,Yes,1000,179802,3540
73,1685,35,Tile,Low,No,3.4,Yes,5000,134600,3590
74,2995,3,Shingle,Low,No,7.1,No,2000,35911,3294
75,1823,31,Metal,High,No,7.9,Yes,1000,10646,2282
76,1106,4,Shingle,Low,No,6.0,No,500,137442,4171
77,3707,2,Metal,Low,No,5.8,No,2000,155906,1523
78,3377,25,Metal,High,Yes,4.5,Yes,500,85597,3119
79,2755,15,Shingle,Low,No,1.2,No,500,161374,1865
80,4902,45,Metal,High,No,1.5,Yes,5000,83664,2186
81,3693,26,Shingle,High,No,7.1,No,2000,111080,3235
82,906,35,Metal,Medium,No,7.2,Yes,2000,173236,1009
83,3768,23,Tile,Low,Yes,2.2,No,5000,45435,1069
84,1744,12,Tile,Medium,Yes,8.4,Yes,5000,46117,1067
85,4222,8,Shingle,High,Yes,7.7,No,500,149026,3847
86,2639,39,Metal,Low,No,5.7,No,5000,190413,3135
87,2752,18,Metal,High,No,9.2,Yes,500,84151,4322
88,4502,37,Shingle,Medium,No,3.5,No,500,141299,927
89,3746,41,Metal,Low,No,6.9,No,5000,71748,3005
90,3725,11,Tile,High,Yes,9.4,No,1000,136731,1525
91,3521,22,Metal,High,No,2.2,Yes,5000,22388,4028
92,1773,46,Metal,Medium,Yes,3.7,Yes,500,103583,3381
93,2331,38,Shingle,Low,Yes,5.2,Yes,1000,122123,2625
94,2669,43,Shingle,Medium,No,6.5,No,2000,40533,955
95,2353,31,Metal,Low,Yes,8.9,No,500,154501,4254
96,1072,31,Shingle,Medium,No,6.8,Yes,1000,52460,3932
97,4534,46,Metal,High,Yes,7.2,No,2000,99936,3131
98,3586,20,Tile,Low,Yes,9.3,Yes,2000,155698,4631
99,3552,41,Shingle,High,Yes,5.0,Yes,5000,57290,956
100,4719,46,Metal,Low,No,4.3,Yes,500,123911,2954
101,3540,20,Metal,High,Yes,5.0,No,1000,68655,3441
102,2443,12,Metal,High,Yes,9.8,No,2000,84028,1219
103,3352,39,Metal,Low,No,4.7,No,5000,170772,2694
104,3119,8,Tile,Low,No,2.9,Yes,1000,179561,2994
105,2121,13,Metal,Medium,Yes,1.2,Yes,2000,85402,4630
106,2155,23,Metal,Medium,No,9.8,Yes,2000,42081,1855
107,4352,46,Metal,Medium,Yes,2.3,No,1000,140823,4501
108,1342,30,Shingle,High,Yes,6.8,Yes,2000,95699,1247
109,1216,20,Tile,Low,Yes,2.5,No,500,30960,4602
110,1082,49,Tile,High,Yes,8.7,Yes,5000,10397,3538
111,2221,42,Tile,Medium,No,3.9,No,500,118180,4599
112,1843,36,Metal,Medium,Yes,3.0,No,5000,76993,2396
113,2392,7,Shingle,Medium,Yes,4.3,Yes,500,19416,3480
114,4619,48,Tile,Medium,Yes,1.4,Yes,1000,163687,1393
115,1269,40,Tile,High,Yes,6.3,Yes,500,18603,4429
116,1683,20,Tile,Medium,No,9.5,No,2000,115459,3960
117,3673,30,Shingle,High,No,1.5,No,500,19109,3516
118,2009,28,Shingle,High,Yes,7.8,No,1000,176897,3004
119,818,43,Tile,High,No,4.7,Yes,1000,135419,1959
120,4932,46,Shingle,Low,No,3.6,No,5000,70593,4755
121,3637,13,Metal,Medium,Yes,7.2,Yes,2000,187738,3694
122,3680,26,Shingle,Medium,Yes,1.6,No,5000,64974,4113
123,2606,35,Tile,Medium,Yes,5.8,Yes,5000,49590,3104
124,1214,4,Tile,High,No,8.8,No,500,46467,3480
125,1251,46,Metal,High,Yes,1.5,Yes,500,70780,809
126,3239,19,Tile,Medium,No,5.9,No,500,187078,3726
127,1735,38,Metal,Medium,Yes,4.0,No,1000,11761,2166
128,1175,18,Tile,Medium,Yes,10.0,Yes,5000,11902,4023
129,2282,48,Shingle,Medium,Yes,1.8,Yes,2000,88048,1505
130,1393,27,Shingle,Low,No,6.4,No,2000,183737,4881
131,4193,10,Tile,Medium,Yes,6.0,No,1000,172495,3951
132,2507,39,Tile,Low,No,9.7,No,2000,187370,1088
133,1861,28,Metal,High,No,2.6,No,1000,167272,3222
134,2110,45,Tile,Medium,No,2.6,Yes,1000,163491,1964
135,3335,6,Metal,High,No,7.1,Yes,1000,76699,4508
136,3099,19,Shingle,Low,No,6.7,Yes,1000,40947,2404
137,3807,7,Metal,High,No,8.0,No,500,57589,2859
138,4726,21,Tile,Low,No,8.1,Yes,500,146263,4622
139,3603,9,Shingle,Low,Yes,0.9,Yes,2000,50165,3290
140,2701,29,Tile,Medium,No,2.2,No,5000,159751,3105
141,2885,19,Tile,Medium,Yes,8.2,No,2000,19257,2116
142,3154,37,Shingle,Medium,No,1.9,Yes,2000,12099,1392
143,2982,49,Tile,Medium,No,6.9,Yes,2000,101340,3567
144,2250,1,Metal,Medium,No,9.0,Yes,500,190547,1506
145,4756,48,Metal,Low,No,1.5,Yes,2000,150135,2332
146,2943,21,Metal,Low,No,5.8,Yes,5000,168307,4138
147,4862,23,Tile,Low,No,3.5,No,1000,85857,1449
148,4659,39,Metal,High,No,3.1,Yes,1000,66068,2679
149,2628,22,Tile,High,Yes,6.3,No,5000,151306,3463
150,1613,5,Tile,Medium,No,3.5,Yes,5000,189907,3592
151,4611,8,Shingle,Low,Yes,5.4,Yes,1000,158087,3878
152,1299,13,Tile,High,No,3.0,Yes,1000,41610,1206
153,2416,40,Tile,Low,Yes,7.8,No,500,75080,3598
154,4741,45,Shingle,Medium,No,9.8,Yes,5000,69808,2322
155,4674,4,Metal,Low,No,4.2,No,5000,17802,4262
156,2423,39,Metal,Medium,No,9.7,No,2000,34481,3758
157,2642,12,Metal,Low,No,4.3,No,1000,48472,1182
158,4968,13,Metal,High,No,2.1,Yes,2000,105908,4768
159,3299,15,Shingle,High,No,3.7,No,500,65539,1338
160,2427,24,Metal,Medium,No,7.6,No,1000,38522,3793
161,4552,38,Metal,Low,Yes,8.7,Yes,500,113549,4071
162,4356,11,Shingle,High,No,5.7,No,1000,146150,4286
163,3089,36,Tile,Medium,Yes,2.5,Yes,1000,138348,4745
164,4481,17,Tile,Medium,No,7.7,No,2000,188309,2113
165,809,22,Shingle,Medium,Yes,4.7,Yes,5000,112500,2398
166,1700,20,Metal,Medium,No,2.1,No,500,97401,3205
167,1355,18,Tile,Medium,No,3.6,Yes,500,190022,3137
168,3833,33,Tile,High,No,1.5,Yes,2000,195696,1328
169,1619,48,Shingle,Low,No,1.6,Yes,500,25763,2915
170,992,45,Tile,Low,No,5.6,Yes,5000,85645,1945
171,2551,47,Metal,Low,Yes,6.6,No,1000,150560,1644
172,3826,29,Tile,High,Yes,6.5,Yes,500,135214,2981
173,3353,47,Tile,Low,Yes,4.3,No,1000,171939,2378
174,3306,6,Shingle,Low,No,1.3,No,500,191545,839
175,4039,3,Tile,Medium,Yes,6.2,Yes,500,102251,4549
176,4018,1,Shingle,Medium,Yes,0.9,No,500,141669,973
177,3507,23,Tile,High,Yes,9.7,Yes,500,38562,1572
178,2327,48,Metal,Medium,No,9.8,No,2000,53199,1939
179,2025,39,Metal,High,No,1.0,Yes,5000,23125,3091
180,2508,0,Shingle,Medium,No,2.0,Yes,1000,26331,4828
181,4654,12,Shingle,Medium,Yes,2.6,No,5000,131582,4518
182,1935,48,Metal,Medium,Yes,6.0,Yes,500,107946,1461
183,2023,1,Tile,Medium,Yes,10.0,No,1000,112650,1998
184,2120,29,Metal,Medium,No,1.1,Yes,1000,55901,3048
185,1910,19,Shingle,High,No,9.8,Yes,500,28061,4018
186,4223,16,Shingle,Medium,No,0.5,Yes,2000,186250,990
187,3611,41,Metal,High,No,8.7,No,500,145613,926
188,4334,3,Tile,High,No,8.7,Yes,5000,83281,3117
189,4423,8,Tile,High,Yes,8.6,Yes,500,98198,1103
190,2840,11,Tile,High,Yes,3.0,Yes,500,174913,1038
191,2467,19,Metal,Low,Yes,9.6,No,5000,63267,1924
192,1318,48,Metal,Low,Yes,8.6,Yes,2000,17442,4247
193,4794,20,Shingle,High,Yes,7.9,Yes,500,197610,1598
194,2133,48,Shingle,Medium,No,3.2,No,500,38543,4290
195,2728,6,Shingle,Medium,No,9.8,Yes,2000,26604,4090
196,2211,48,Tile,High,Yes,7.1,Yes,500,184902,4557
197,3421,30,Shingle,High,No,9.0,No,2000,172517,1753
198,4646,39,Shingle,High,Yes,5.2,Yes,2000,179027,4520
199,1060,17,Tile,Medium,No,5.6,Yes,5000,96473,4743
200,2516,22,Metal,Medium,No,4.2,Yes,500,174902,3569
201,3515,1,Tile,Medium,No,4.1,Yes,500,56280,2674
202,2031,39,Tile,High,Yes,3.0,No,500,193121,1806
203,2948,42,Tile,Medium,No,1.1,No,500,17295,4941
204,4316,6,Shingle,Medium,Yes,9.1,No,5000,153436,2309
205,2132,38,Metal,Low,No,2.6,No,500,115693,1685
206,3144,17,Metal,High,No,0.7,No,2000,119944,4109
207,3241,11,Tile,High,Yes,8.4,Yes,2000,83243,2564
208,1052,23,Metal,Low,Yes,5.3,Yes,2000,110529,1251
209,4212,11,Tile,High,Yes,7.1,No,5000,102921,3122
210,3132,13,Metal,High,Yes,0.7,Yes,2000,183681,2336
211,1625,28,Metal,Medium,No,4.3,No,500,122036,4340
212,3184,27,Shingle,Low,No,4.8,No,500,145126,2235
213,3937,22,Tile,Low,Yes,8.5,Yes,2000,111806,2831
214,3993,1,Metal,Medium,No,3.5,Yes,5000,144470,1040
215,2078,47,Tile,High,Yes,9.4,Yes,5000,114366,2442
216,4945,27,Tile,Low,Yes,0.6,Yes,5000,53003,1222
217,2486,27,Metal,High,Yes,9.8,Yes,2000,171018,2304
218,1175,13,Shingle,Medium,No,8.6,Yes,1000,57663,3197
219,1214,1,Tile,Medium,Yes,2.1,Yes,2000,60875,867
220,4519,25,Tile,High,No,3.6,No,2000,177160,2980
221,4302,37,Metal,Low,Yes,3.2,Yes,500,52011,4460
222,4444,7,Tile,Medium,Yes,9.0,Yes,1000,71109,3026
223,4172,32,Metal,High,Yes,8.7,Yes,1000,60337,2728
224,4858,41,Metal,High,No,2.4,Yes,500,53233,1424
225,2415,17,Shingle,Low,No,0.6,No,1000,153302,2986
226,1079,29,Tile,Low,Yes,6.4,Yes,1000,73360,3654
227,1522,8,Tile,Medium,Yes,9.1,No,5000,190411,3493
228,4902,42,Shingle,High,Yes,5.1,No,1000,66417,1421
229,4636,48,Metal,Low,No,2.8,No,5000,44248,4051
230,2121,23,Metal,Medium,No,3.7,Yes,1000,110707,1472
231,3600,39,Shingle,Medium,No,1.0,No,5000,131915,4022
232,1774,17,Metal,Low,Yes,1.5,No,500,16908,4313
233,2012,48,Shingle,High,No,9.4,Yes,1000,60705,2416
234,2798,15,Metal,Medium,Yes,8.1,Yes,500,169270,2336
235,3708,18,Tile,Low,No,6.8,No,2000,171013,2827
236,2246,3,Metal,Low,Yes,6.8,Yes,1000,149225,4687
237,4270,33,Shingle,Medium,Yes,6.8,Yes,5000,187934,4204
238,4147,36,Tile,High,Yes,3.4,No,1000,111174,2196
239,1780,29,Shingle,Low,No,6.9,Yes,2000,150851,4565
240,2890,14,Shingle,Medium,Yes,0.9,Yes,5000,57341,1237
241,1388,24,Metal,Low,No,5.9,No,2000,48220,2564
242,4576,6,Metal,Low,Yes,6.4,Yes,1000,62713,1449
243,3591,34,Tile,High,No,2.9,Yes,500,155258,2799
244,4035,3,Shingle,Medium,Yes,4.6,No,5000,79135,2647
245,2503,44,Shingle,High,No,5.9,Yes,2000,67532,4804
246,2837,13,Metal,High,No,3.9,Yes,5000,198698,1424
247,2540,44,Metal,Medium,No,7.4,Yes,5000,191285,1145
248,824,47,Tile,Low,No,4.1,Yes,1000,36585,4264
249,2995,36,Metal,Medium,No,6.2,Yes,2000,117742,3402
250,3114,49,Tile,High,Yes,9.0,No,2000,68461,2573
251,2662,31,Tile,Medium,Yes,2.2,Yes,5000,153311,2196
252,4331,33,Shingle,Medium,No,0.6,Yes,1000,63289,977
253,1809,13,Metal,Low,No,2.5,Yes,1000,23049,1218
254,2897,15,Shingle,Low,No,4.2,No,500,142879,4786
255,1537,1,Shingle,High,Yes,4.4,Yes,5000,55379,1136
256,3190,49,Tile,Medium,Yes,6.1,Yes,1000,121756,2399
257,2785,46,Metal,High,Yes,2.9,Yes,500,110579,2299
258,1623,32,Shingle,Low,Yes,5.0,No,500,100818,1924
259,2478,47,Tile,High,Yes,3.2,Yes,2000,100112,1380
260,1335,42,Metal,High,No,1.8,Yes,5000,59294,3743
261,2675,16,Metal,High,No,9.5,No,1000,81407,2041
262,3395,27,Shingle,Low,Yes,2.0,Yes,2000,156390,2526
263,3488,7,Metal,High,Yes,8.5,Yes,5000,91638,2254
264,3243,27,Shingle,High,Yes,6.5,Yes,1000,81886,3955
265,4033,25,Shingle,High,Yes,8.9,Yes,1000,65593,2531
266,3409,46,Tile,Low,Yes,1.3,No,2000,180320,4617
267,4426,2,Metal,High,Yes,4.0,Yes,2000,135795,4517
268,2287,49,Tile,Low,Yes,8.7,No,500,109451,1205
269,1914,28,Tile,Low,Yes,1.5,No,2000,95339,1325
270,3757,48,Shingle,Medium,No,4.2,No,1000,187203,2375
271,4119,22,Shingle,Medium,No,4.1,Yes,500,111503,2357
272,1484,14,Tile,Medium,No,10.0,Yes,1000,189351,4785
273,3451,27,Shingle,Low,Yes,3.6,No,5000,16381,2824
274,2613,4,Metal,Low,No,2.0,Yes,500,35970,1128
275,961,16,Shingle,Medium,Yes,3.4,No,2000,22658,2156
276,2593,24,Shingle,High,No,5.7,No,2000,152710,4808
277,4403,20,Tile,Low,Yes,7.6,No,2000,131034,2696
278,4807,19,Tile,Medium,No,6.9,Yes,500,149527,1926
279,4098,31,Shingle,Low,Yes,4.2,No,2000,31895,2614
280,1833,40,Shingle,High,Yes,6.0,Yes,500,145905,4386
281,1009,26,Metal,Low,Yes,6.9,No,500,76829,1606
282,2343,43,Metal,Low,Yes,2.5,No,1000,182987,1602
283,3965,20,Tile,High,No,8.8,No,5000,84241,4876
284,2789,1,Tile,Low,No,6.0,No,2000,11045,1892
285,1969,27,Metal,High,No,0.7,Yes,5000,144081,2922
286,1600,11,Shingle,High,Yes,1.1,Yes,5000,45818,3211
287,4324,49,Shingle,Low,No,3.6,No,1000,54618,4689
288,3943,48,Shingle,High,Yes,9.1,Yes,1000,105898,2166
289,2943,41,Tile,High,No,5.4,Yes,2000,141392,4733
290,1682,7,Metal,Low,No,3.5,No,500,111698,4372
291,1441,20,Metal,Medium,Yes,8.4,No,2000,160839,4699
292,4510,7,Shingle,Low,No,9.9,Yes,1000,165632,4176
293,1523,31,Tile,Medium,Yes,10.0,No,1000,84667,3572
294,4783,46,Shingle,Medium,No,3.9,No,5000,184976,2866
295,1852,27,Metal,High,Yes,2.9,No,500,177231,1498
296,3394,15,Tile,High,Yes,3.9,No,1000,145127,3720
297,4721,14,Metal,Medium,No,2.7,Yes,1000,78096,1794
298,1758,29,Tile,Medium,No,10.0,No,1000,38597,3877
299,3970,40,Tile,Medium,Yes,0.7,No,2000,111007,4134
300,4905,36,Metal,High,Yes,7.6,No,2000,33730,4434
301,3788,15,Tile,Medium,Yes,6.2,No,5000,12117,3112
302,4498,33,Metal,Low,No,4.9,Yes,2000,155709,4018
303,2089,33,Metal,High,No,0.5,Yes,2000,70613,1405
304,3435,49,Tile,Medium,Yes,6.4,Yes,500,157924,2071
305,3143,45,Tile,Medium,No,1.6,Yes,1000,63187,2393
306,820,25,Metal,Medium,Yes,8.6,No,5000,57358,4188
307,1950,35,Shingle,Medium,Yes,3.7,No,1000,55147,2940
308,4811,39,Tile,Medium,No,6.2,No,1000,33616,1758
309,3597,35,Tile,Medium,Yes,3.5,Yes,5000,134410,3885
310,2006,16,Metal,Medium,Yes,6.1,No,1000,60365,3841
311,3452,27,Metal,Low,Yes,3.3,No,1000,25965,3205
312,1780,35,Tile,High,Yes,2.2,Yes,2000,157757,3032
313,4102,5,Metal,Low,No,8.1,Yes,2000,53401,4351
314,3953,22,Shingle,Medium,No,0.9,No,1000,137687,858
315,905,14,Metal,Low,Yes,6.3,No,2000,189707,4636
316,3140,45,Metal,High,No,7.6,Yes,5000,142889,4559
317,2243,15,Shingle,Low,No,6.8,No,1000,135508,3079
318,2694,35,Tile,Low,No,5.0,Yes,2000,140920,4990
319,2582,21,Shingle,Low,No,7.3,Yes,5000,12361,2983
320,2267,16,Metal,Low,No,1.6,Yes,2000,116162,1175
321,3261,27,Tile,High,No,9.7,No,5000,138817,4950
322,2344,7,Shingle,Medium,Yes,8.7,No,5000,47121,1361
323,4298,16,Tile,Medium,Yes,4.6,No,5000,36229,2792
324,3061,12,Shingle,Medium,Yes,4.0,Yes,2000,185616,4582
325,4124,25,Shingle,Low,No,5.0,No,5000,57588,1224
326,4735,34,Metal,Medium,Yes,2.9,No,500,46063,4633
327,3130,27,Metal,High,No,5.5,No,2000,117053,4614
328,3910,13,Metal,High,Yes,8.2,Yes,2000,37948,2721
329,1077,44,Metal,Medium,Yes,1.8,No,5000,177810,1916
330,1769,10,Tile,Low,No,8.1,No,5000,113844,4639
331,2925,31,Tile,High,Yes,9.5,No,500,179100,863
332,4267,31,Tile,Low,Yes,6.1,No,500,194499,1560
333,2370,20,Tile,High,No,1.2,No,1000,168946,3858
334,1476,6,Shingle,Low,Yes,5.2,Yes,500,90351,2515
335,914,38,Metal,Medium,No,7.7,Yes,1000,46760,4471
336,3553,18,Tile,Low,Yes,0.6,No,5000,160569,4362
337,2155,8,Tile,Low,No,7.8,Yes,2000,10692,3443
338,4012,43,Tile,High,No,2.6,No,2000,145883,1791
339,3727,12,Shingle,Medium,No,5.1,No,5000,108201,2903
340,950,3,Metal,High,Yes,7.9,No,500,130006,3006
341,815,40,Metal,Low,Yes,3.1,Yes,500,184188,4493
342,3826,24,Shingle,Low,Yes,9.0,Yes,1000,59309,2449
343,4571,14,Tile,Low,No,4.3,No,5000,31023,3167
344,2645,19,Metal,High,Yes,1.0,Yes,5000,146214,3803
345,3408,28,Metal,Medium,Yes,7.8,No,5000,48858,2769
346,3840,27,Metal,Medium,No,6.4,No,5000,95898,1083
347,1064,9,Tile,Medium,Yes,6.7,Yes,5000,45007,3255
348,2892,12,Shingle,Medium,No,8.6,Yes,1000,131666,1308
349,3600,39,Shingle,Low,No,2.3,No,5000,112265,3425
350,3859,17,Tile,Medium,Yes,7.2,No,500,91471,4406
351,2270,22,Shingle,High,No,4.9,Yes,5000,86116,3809
352,4118,33,Shingle,High,Yes,6.1,No,2000,168765,1279
353,2753,11,Shingle,Medium,No,8.5,Yes,1000,63794,2208
354,2803,34,Shingle,Low,Yes,3.4,No,5000,28606,3400
355,3650,36,Metal,Low,Yes,2.7,No,2000,118414,2138
356,2050,15,Metal,High,Yes,8.9,Yes,2000,104066,1462
357,1266,22,Shingle,Medium,No,1.7,No,500,141350,3197
358,4739,25,Shingle,Low,No,4.4,Yes,2000,99965,4794
359,1689,49,Tile,Medium,No,1.2,No,2000,29550,2239
360,4167,18,Tile,High,No,3.2,Yes,2000,149262,4024
361,1218,47,Metal,Low,No,6.6,No,500,88605,4891
362,1718,20,Shingle,Low,Yes,6.3,No,500,103969,871
363,4399,0,Tile,Medium,Yes,4.7,Yes,500,14842,1710
364,3525,17,Metal,High,No,6.3,No,2000,178894,4949
365,2056,12,Shingle,Medium,No,0.8,Yes,1000,154320,894
366,4223,0,Metal,High,Yes,5.4,Yes,5000,187528,1171
367,4608,1,Tile,Medium,Yes,9.1,No,5000,163595,2646
368,4429,0,Tile,High,No,6.1,No,500,79683,3520
369,4466,20,Tile,High,No,8.0,No,1000,35794,1742
370,4593,31,Metal,Low,No,2.9,No,2000,182609,4821
371,1939,21,Shingle,High,Yes,4.5,Yes,500,45268,4946
372,2221,37,Metal,Low,Yes,5.2,No,500,198128,4957
373,2947,43,Metal,High,No,6.0,Yes,1000,66466,2426
374,1394,47,Tile,High,No,6.7,No,500,39523,3100
375,1447,46,Metal,High,Yes,6.0,Yes,5000,60550,3521
376,1045,25,Shingle,High,Yes,2.1,Yes,2000,144528,1655
377,1365,37,Shingle,Medium,No,4.6,Yes,1000,134623,4928
378,2616,25,Metal,High,Yes,1.8,Yes,2000,124978,4157
379,3396,48,Shingle,High,Yes,4.8,Yes,5000,161991,2721
380,3093,33,Tile,Medium,Yes,0.8,No,1000,77780,3498
381,2769,5,Tile,Medium,No,8.8,No,500,22734,4211
382,975,15,Metal,Low,No,0.7,Yes,2000,39198,2903
383,4460,37,Shingle,Low,No,5.1,No,500,90934,4615
384,4170,27,Tile,High,Yes,1.0,No,2000,49592,2282
385,888,37,Shingle,Medium,No,8.1,Yes,2000,77494,4334
386,2381,43,Shingle,Low,No,5.5,Yes,5000,70444,2081
387,4003,10,Shingle,Low,No,1.7,No,5000,175845,4144
388,2888,7,Shingle,Low,No,3.8,No,500,85608,3997
389,2979,9,Tile,Low,Yes,4.9,No,1000,167375,4732
390,2061,9,Tile,Low,Yes,5.4,No,1000,61031,2830
391,917,42,Metal,High,Yes,1.3,Yes,1000,97898,2411
392,2080,48,Tile,Medium,No,3.2,Yes,5000,173799,2841
393,2712,11,Tile,Low,Yes,8.4,Yes,2000,82407,2752
394,2050,34,Tile,Low,No,8.3,Yes,500,18573,1693
395,979,10,Tile,Low,No,3.6,No,5000,180579,3462
396,4735,1,Shingle,Low,No,8.6,Yes,2000,179822,4957
397,3952,24,Metal,High,No,2.7,Yes,1000,60128,1376
398,4665,21,Tile,Low,Yes,0.8,No,5000,10484,4059
399,1922,32,Metal,High,Yes,4.0,No,2000,176233,4625
400,4164,38,Metal,Low,No,2.2,Yes,5000,90674,4515
401,4685,13,Shingle,High,Yes,3.5,Yes,5000,97800,1152
402,3623,2,Metal,Low,No,3.6,Yes,5000,198037,3189
403,3745,38,Tile,High,No,6.5,Yes,5000,81114,2028
404,2865,20,Tile,High,Yes,3.7,Yes,2000,159801,4623
405,2146,43,Shingle,Medium,No,0.6,Yes,1000,132033,4019
406,1755,22,Tile,High,Yes,4.5,Yes,5000,11469,1332
407,2263,6,Tile,Low,No,1.2,Yes,500,187366,1798
408,4547,22,Shingle,Low,Yes,2.0,Yes,2000,113551,935
409,4042,15,Shingle,Low,Yes,9.5,Yes,2000,137951,3268
410,1497,29,Shingle,Medium,No,6.1,No,1000,23559,1021
411,2840,16,Tile,Low,Yes,7.6,Yes,5000,160641,2093
412,2193,42,Shingle,Low,No,2.5,Yes,500,132632,2915
413,4067,22,Tile,Low,Yes,4.9,No,500,27582,3677
414,4588,24,Metal,Low,No,3.7,No,2000,190976,3240
415,2662,46,Tile,Low,No,6.1,No,500,100447,3259
416,835,12,Tile,Medium,No,5.2,No,5000,176703,3841
417,1303,45,Metal,High,No,3.3,Yes,500,98476,4802
418,1927,0,Tile,Low,No,4.5,No,5000,122046,3379
419,1346,3,Metal,Medium,No,4.6,No,5000,198810,2326
420,1438,2,Tile,Low,Yes,7.8,No,500,69902,4984
421,4027,29,Metal,High,No,3.9,No,1000,110463,4539
422,4104,49,Tile,High,No,3.5,Yes,5000,87542,958
423,1303,2,Metal,Medium,No,2.7,No,1000,116035,815
424,1215,46,Shingle,High,Yes,6.2,No,500,31515,2154
425,3484,16,Metal,High,Yes,8.0,No,2000,197412,2782
426,3040,2,Tile,High,Yes,2.4,Yes,5000,56117,903
427,4161,21,Tile,Medium,Yes,7.9,No,500,193740,1473
428,2950,0,Shingle,Medium,No,2.7,Yes,1000,191993,3626
429,3526,15,Metal,Medium,Yes,6.2,No,2000,60815,4511
430,1158,33,Shingle,High,Yes,4.6,No,5000,199362,1713
431,3716,22,Metal,High,Yes,1.1,Yes,2000,14260,4378
432,1980,44,Tile,Low,Yes,7.9,No,5000,170192,2847
433,3451,18,Shingle,High,No,5.8,No,1000,82838,4506
434,1848,48,Metal,Medium,No,8.2,Yes,1000,92828,3304
435,2989,1,Shingle,Medium,No,4.8,Yes,5000,110410,2823
436,3132,26,Metal,High,No,5.2,Yes,1000,126549,919
437,3119,0,Tile,High,No,7.9,No,1000,50039,2640
438,1631,27,Tile,High,Yes,5.9,No,500,17593,3562
439,4491,9,Shingle,Low,No,1.2,No,5000,127338,4822
440,4437,48,Shingle,Medium,No,4.4,No,5000,16591,2926
441,3732,4,Tile,Low,No,7.8,No,5000,182289,4313
442,2147,29,Tile,High,No,3.3,Yes,2000,43287,4808
443,4526,4,Metal,Medium,No,1.6,Yes,5000,59552,3887
444,3461,38,Metal,Medium,No,7.4,No,5000,145240,3906
445,1409,23,Tile,High,No,8.6,No,5000,162585,1936
446,1804,47,Shingle,High,Yes,9.0,No,2000,169710,4153
447,2775,41,Tile,Medium,Yes,3.2,Yes,1000,163516,4836
448,2736,35,Tile,Low,Yes,3.6,Yes,1000,62192,1177
449,1601,34,Metal,High,Yes,8.2,No,1000,128023,2150
450,4726,21,Shingle,High,Yes,8.8,No,2000,184967,4918
451,3163,17,Tile,High,Yes,6.8,Yes,1000,132656,1937
452,3501,29,Metal,Low,No,1.7,Yes,2000,128437,2023
453,1919,7,Metal,Low,No,8.2,Yes,500,161315,3606
454,1519,16,Metal,Medium,Yes,4.6,No,1000,98399,2357
455,1316,49,Metal,High,No,5.5,Yes,2000,54746,1751
456,2864,27,Tile,Medium,Yes,2.6,No,1000,175438,2201
457,1505,47,Metal,High,No,2.7,No,5000,112287,1894
458,3694,5,Metal,High,No,4.2,No,1000,80434,4960
459,2025,24,Shingle,Low,Yes,3.7,Yes,1000,12527,3712
460,3318,14,Shingle,Medium,No,4.2,No,2000,73137,4821
461,3630,9,Tile,Low,Yes,7.0,Yes,2000,127260,4447
462,3163,4,Shingle,Medium,No,6.9,Yes,500,168618,3264
463,4192,8,Metal,High,Yes,6.1,Yes,5000,65869,1118
464,1628,18,Shingle,Low,Yes,1.1,Yes,1000,57911,2954
465,4153,7,Tile,Low,No,5.8,No,2000,174490,1911
466,3479,44,Metal,High,Yes,8.6,Yes,1000,164859,2583
467,2026,46,Shingle,Low,Yes,6.0,Yes,2000,83644,2914
468,4899,28,Tile,High,Yes,7.0,No,2000,94684,4701
469,4930,32,Tile,Medium,No,4.4,No,2000,172482,3945
470,3988,34,Shingle,Medium,Yes,8.2,No,500,152881,2464
471,3831,31,Shingle,Medium,No,6.0,No,2000,150698,4586
472,3528,45,Tile,Low,No,4.6,No,1000,25589,1171
473,2114,8,Metal,Low,Yes,4.6,Yes,500,93461,1427
474,1616,40,Metal,Low,Yes,4.0,No,500,33642,1102
475,2204,11,Shingle,High,Yes,7.4,No,1000,175053,3892
476,4689,2,Shingle,High,Yes,7.3,Yes,500,51302,2275
477,1686,11,Metal,High,No,5.6,Yes,1000,39688,3540
478,1007,34,Tile,High,Yes,7.7,No,500,38469,3395
479,3689,10,Shingle,High,No,8.0,Yes,500,67804,4761
480,3497,7,Shingle,Medium,Yes,5.8,Yes,500,141108,1456
481,4446,7,Metal,Low,Yes,7.0,No,1000,69879,1233
482,3557,24,Tile,Medium,Yes,4.8,No,1000,180134,1068
483,3514,35,Metal,Medium,No,2.2,No,2000,189672,4623
484,4333,34,Tile,Medium,Yes,2.5,Yes,5000,78916,2498
485,2598,26,Tile,Medium,No,7.1,No,1000,152050,2596
486,2775,5,Metal,High,No,2.0,Yes,5000,165630,3575
487,2274,39,Shingle,Low,Yes,1.0,No,500,98070,4797
488,3796,44,Metal,High,No,8.1,No,1000,52686,1449
489,1624,41,Metal,Low,Yes,5.5,No,2000,35009,3642
490,3710,27,Tile,High,Yes,0.7,Yes,1000,134817,1923
491,4296,27,Tile,Medium,No,9.5,Yes,500,163183,1565
492,4394,46,Shingle,Low,Yes,7.5,Yes,500,104375,4409
493,4481,45,Shingle,High,No,1.5,Yes,2000,173107,1041
494,3282,1,Tile,Low,No,6.3,Yes,500,19104,4612
495,2942,27,Tile,High,No,9.9,Yes,1000,80032,2797
496,4942,49,Tile,High,No,7.5,No,500,22152,3950
497,3739,47,Shingle,High,Yes,9.8,No,5000,63693,2609
498,4557,1,Tile,High,No,6.0,Yes,500,106614,1227
499,2512,22,Shingle,Medium,No,5.8,Yes,2000,174822,3081
500,1586,25,Metal,Low,Yes,3.3,Yes,2000,163155,2456
501,1638,3,Tile,Medium,Yes,8.5,Yes,5000,171274,4499
502,3425,24,Tile,High,Yes,4.1,No,1000,157241,855
503,1298,47,Metal,Medium,No,2.8,No,2000,167717,873
504,3002,30,Metal,Low,Yes,1.4,No,1000,127885,2667
505,3882,45,Tile,Medium,No,3.5,No,1000,198433,1776
506,3745,21,Shingle,High,No,1.9,No,2000,36495,2428
507,3619,25,Shingle,Medium,Yes,7.4,Yes,2000,162117,2209
508,1367,44,Metal,Low,Yes,9.7,No,5000,55240,2850
509,1526,15,Shingle,High,No,8.8,Yes,1000,110148,1840
510,4480,3,Tile,Low,No,1.7,No,2000,125439,4591
511,3863,23,Shingle,Medium,No,9.0,Yes,2000,62969,3578
512,4618,12,Tile,Medium,Yes,4.0,Yes,2000,165535,2314
513,3630,29,Metal,Medium,Yes,2.4,No,1000,138263,1288
514,3224,4,Metal,Low,Yes,5.2,No,500,103166,3001
515,2406,14,Metal,Low,No,4.4,No,2000,23201,4791
516,2133,47,Tile,High,Yes,4.6,Yes,5000,74999,1494
517,3287,42,Metal,Medium,Yes,2.1,Yes,500,189530,4990
518,1034,26,Tile,Low,No,6.8,Yes,2000,39047,2915
519,1062,33,Tile,Low,Yes,4.8,No,1000,117488,3658
520,3919,43,Tile,Low,Yes,2.8,Yes,500,84073,2145
521,2551,16,Shingle,High,Yes,6.3,No,1000,40967,1226
522,4148,32,Tile,Medium,No,9.7,Yes,5000,110591,4762
523,4682,4,Shingle,Low,No,4.3,Yes,5000,56583,3277
524,4426,31,Shingle,Medium,Yes,2.9,Yes,500,44514,3402
525,4668,33,Tile,Low,Yes,7.5,No,500,181161,964
526,4146,6,Metal,Low,No,6.2,Yes,1000,56461,3513
527,4738,23,Shingle,Low,No,3.4,No,500,197021,2300
528,3110,44,Metal,Low,No,2.5,No,2000,109831,952
529,4618,35,Metal,High,Yes,5.3,No,500,138708,1337
530,2691,5,Shingle,High,Yes,3.0,No,1000,104204,2784
531,1043,25,Tile,High,Yes,1.3,No,5000,42706,2570
532,1539,33,Shingle,High,Yes,6.0,No,5000,99169,3714
533,1555,14,Tile,Medium,No,6.3,No,2000,128807,3318
534,2185,21,Tile,Low,Yes,4.9,Yes,500,31458,2944
535,3048,21,Shingle,Medium,Yes,6.0,No,5000,76106,2913
536,1127,37,Tile,Medium,No,3.1,No,1000,195891,3648
537,1894,24,Metal,Medium,Yes,2.6,No,2000,16859,2181
538,2531,16,Shingle,Low,Yes,5.7,No,2000,180603,1975
539,4632,40,Metal,Low,No,1.1,No,1000,175321,1845
540,2004,47,Tile,High,Yes,5.2,Yes,2000,155580,933
541,4405,49,Shingle,High,No,6.2,No,500,59075,3121
542,4826,10,Shingle,Medium,No,9.0,No,5000,33021,4532
543,3140,17,Shingle,High,No,3.1,No,5000,65315,1647
544,2181,21,Metal,Medium,No,5.0,No,1000,175951,4535
545,3751,1,Metal,Medium,No,3.5,No,5000,199730,4354
546,4712,13,Shingle,Low,Yes,6.3,Yes,5000,163691,997
547,3801,20,Tile,High,Yes,8.5,Yes,2000,62918,3731
548,1360,32,Shingle,Low,Yes,1.5,No,1000,26408,1734
549,2327,7,Shingle,Low,No,1.1,Yes,1000,174225,4276
550,2529,44,Tile,Medium,Yes,3.8,Yes,1000,64662,3138
551,1438,3,Tile,Low,Yes,2.7,No,5000,126606,4321
552,2939,25,Shingle,Low,No,8.9,No,500,77461,1799
553,1962,38,Shingle,Medium,No,3.7,Yes,5000,191364,1862
554,4058,32,Metal,Low,Yes,1.2,No,2000,55651,2528
555,2166,12,Tile,High,No,1.7,No,500,118834,4975
556,815,17,Shingle,Low,Yes,2.8,No,500,31422,2310
557,3400,12,Tile,High,No,4.3,No,5000,112579,2941
558,1395,31,Tile,Medium,No,4.1,No,1000,75731,4121
559,2163,45,Shingle,Low,Yes,5.8,No,2000,45800,981
560,3987,28,Metal,Low,No,6.1,No,1000,148710,3150
561,2980,3,Shingle,Medium,Yes,7.6,Yes,500,77927,1361
562,1138,12,Shingle,High,Yes,3.3,No,2000,109890,2205
563,3214,23,Shingle,Medium,Yes,7.7,Yes,2000,149663,2743
564,2054,24,Shingle,Low,Yes,5.3,No,500,78171,3622
565,3598,14,Shingle,High,Yes,6.3,Yes,2000,93702,1746
566,1439,17,Tile,Low,Yes,9.8,Yes,2000,189724,4987
567,4188,29,Shingle,High,No,8.1,Yes,5000,161734,2729
568,1251,42,Metal,Medium,Yes,2.4,No,500,154285,4200
569,1315,22,Shingle,Low,No,5.7,No,500,121172,4637
570,3706,4,Shingle,High,No,6.7,Yes,500,79152,4914
571,4135,6,Tile,Low,No,9.3,Yes,2000,112851,2492
572,3028,27,Tile,High,Yes,5.8,Yes,5000,70576,3154
573,2964,46,Shingle,High,No,1.4,Yes,2000,66939,2943
574,2865,19,Tile,Low,No,0.7,Yes,5000,14483,1018
575,3766,38,Shingle,Medium,Yes,2.7,Yes,1000,83066,4240
576,2816,2,Tile,Medium,No,4.9,Yes,1000,77111,4832
577,1017,47,Metal,Medium,Yes,7.2,No,500,52662,3422
578,2408,30,Tile,Medium,Yes,8.5,Yes,500,53003,4691
579,4129,4,Tile,Low,No,1.6,No,500,108398,2063
580,1721,33,Shingle,Low,No,2.2,No,500,63661,3518
581,4443,18,Shingle,High,Yes,3.0,Yes,5000,70428,2570
582,1180,25,Tile,Low,Yes,1.1,No,1000,134739,975
583,4008,46,Tile,Low,No,6.1,Yes,1000,183921,2277
584,2552,12,Tile,Medium,No,4.4,No,1000,163088,2796
585,2350,41,Metal,Low,No,8.3,Yes,2000,43761,1186
586,4854,34,Shingle,High,No,5.4,Yes,1000,56769,2870
587,4957,20,Metal,High,No,8.2,Yes,500,31471,1371
588,2639,35,Shingle,High,No,6.2,Yes,1000,147747,820
589,809,27,Shingle,High,Yes,9.2,No,2000,173320,3229
590,2270,14,Tile,Low,Yes,5.4,No,2000,25965,1385
591,2117,23,Shingle,High,Yes,1.6,No,500,45993,2695
592,1294,47,Tile,Low,No,9.5,Yes,500,23004,1694
593,4734,30,Shingle,High,Yes,5.5,No,500,139176,3422
594,3151,21,Shingle,Low,No,3.1,Yes,2000,58310,4971
595,4964,34,Tile,High,No,1.1,No,5000,82476,4343
596,4352,9,Tile,Low,Yes,2.6,No,2000,196032,2380
597,921,7,Metal,High,No,7.6,Yes,1000,142070,1068
598,4439,31,Metal,Medium,No,1.7,No,2000,52743,3370
599,1025,24,Metal,High,No,4.6,Yes,500,174272,4919
600,2252,31,Tile,High,No,8.4,No,500,27653,3527
601,1216,17,Shingle,High,Yes,4.1,Yes,2000,153685,3588
602,3355,26,Tile,Low,No,3.3,Yes,5000,116965,3965
603,4988,11,Metal,Medium,No,6.3,Yes,500,65127,891
604,1122,26,Shingle,Low,No,2.2,No,5000,137516,1404
605,921,22,Tile,Medium,Yes,2.9,No,1000,145121,987
606,3068,2,Metal,Medium,No,9.3,Yes,5000,99755,3701
607,4773,49,Tile,Medium,No,3.7,No,500,87972,4379
608,4749,16,Shingle,Low,Yes,2.7,No,1000,54188,3037
609,1905,42,Tile,Low,Yes,4.2,Yes,1000,126319,3655
610,3532,32,Shingle,Medium,Yes,6.9,No,1000,175507,2776
611,4060,5,Shingle,Medium,Yes,5.2,No,5000,86935,3182
612,4547,15,Tile,Medium,No,3.4,Yes,500,132523,4996
613,2650,13,Tile,High,No,1.5,Yes,2000,105721,1316
614,1711,24,Metal,Medium,Yes,4.3,No,5000,77815,3154
615,4473,44,Tile,Low,No,1.2,No,500,32716,2551
616,971,47,Tile,Medium,Yes,2.9,Yes,2000,46411,4643
617,4724,45,Tile,High,Yes,6.5,No,1000,109989,2560
618,843,30,Shingle,Low,No,6.4,No,1000,150604,4169
619,3123,5,Metal,High,Yes,0.8,Yes,500,92162,1027
620,4270,22,Metal,High,No,2.4,No,5000,74698,2942
621,3576,25,Shingle,High,No,1.5,No,2000,58214,4737
622,2435,37,Tile,Medium,Yes,2.1,No,1000,156397,3542
623,1050,16,Shingle,Low,Yes,4.5,No,1000,39718,3076
624,3787,27,Tile,Medium,No,3.5,Yes,1000,137128,4896
625,2114,48,Shingle,Medium,Yes,4.1,No,500,145844,4230
626,2158,48,Shingle,Medium,No,5.4,Yes,500,86953,4114
627,2133,14,Shingle,High,No,8.6,Yes,1000,20928,2548
628,1076,43,Metal,High,Yes,3.3,No,2000,124942,2251
629,1777,1,Shingle,High,No,4.2,No,5000,104800,2955
630,2637,45,Metal,Medium,No,2.2,No,5000,185456,4397
631,4941,38,Tile,Low,Yes,8.1,Yes,1000,77488,2246
632,2116,15,Shingle,Medium,No,8.6,Yes,5000,102736,2672
633,3107,41,Shingle,High,No,6.3,Yes,500,68361,1521
634,1164,45,Shingle,High,No,7.6,Yes,1000,130053,2669
635,2933,18,Metal,High,Yes,4.4,Yes,1000,87669,1479
636,2827,46,Shingle,Medium,No,1.5,No,500,179203,4693
637,3837,25,Metal,Low,Yes,5.2,No,2000,195519,2120
638,2601,23,Shingle,Low,No,9.1,No,500,155337,1266
639,3933,36,Metal,High,Yes,3.7,No,5000,105747,4789
640,1661,35,Shingle,High,Yes,9.1,Yes,500,150922,2882
641,1146,23,Metal,Low,Yes,4.0,Yes,5000,100835,3460
642,3479,35,Tile,High,No,4.0,No,5000,50046,4812
643,4576,22,Shingle,High,Yes,2.7,Yes,2000,117013,2405
644,4681,21,Tile,Medium,Yes,6.5,No,1000,103890,3822
645,1230,45,Tile,High,No,2.6,Yes,5000,108247,2414
646,1937,31,Metal,Low,No,8.4,Yes,1000,92379,3275
647,2131,24,Shingle,Medium,Yes,2.2,No,2000,47984,3270
648,1466,48,Tile,Low,No,6.6,Yes,1000,52745,2746
649,1347,27,Shingle,Medium,No,7.6,No,2000,25113,3201
650,2554,29,Metal,High,No,8.4,Yes,5000,144251,1308
651,2022,7,Tile,High,No,2.3,Yes,5000,17118,1141
652,2301,41,Shingle,Medium,Yes,5.3,Yes,5000,27931,2428
653,4637,39,Tile,Low,No,4.5,No,1000,114770,4195
654,4720,15,Tile,High,Yes,0.8,Yes,2000,47595,2050
655,1381,13,Tile,Medium,No,2.0,No,1000,164742,2715
656,1074,1,Shingle,Low,Yes,4.0,No,500,157344,1838
657,2813,44,Tile,High,Yes,7.3,Yes,5000,114706,4936
658,1826,37,Metal,High,No,9.4,No,1000,177377,3779
659,1069,38,Metal,Medium,Yes,6.2,No,500,26108,1060
660,2641,39,Tile,Medium,No,9.8,Yes,5000,78208,4845
661,1368,45,Tile,Medium,Yes,7.4,Yes,2000,192409,1878
662,926,44,Shingle,Medium,Yes,0.7,No,5000,13525,2771
663,4653,4,Tile,Medium,No,9.0,No,5000,103527,3447
664,3336,13,Tile,Medium,No,9.9,No,500,64903,3840
665,1690,33,Tile,Medium,No,0.6,Yes,2000,44446,4495
666,1156,40,Tile,Low,No,6.6,No,500,124439,3295
667,3809,40,Tile,Medium,No,5.4,No,2000,36835,3674
668,1646,15,Shingle,Low,No,2.5,No,1000,49615,3138
669,1602,26,Metal,Low,No,9.2,No,2000,106105,2341
670,4650,3,Shingle,Medium,No,6.2,Yes,500,156505,3005
671,2358,0,Metal,High,No,4.4,No,2000,166905,3950
672,3567,21,Shingle,Low,No,8.0,Yes,2000,161858,2960
673,2037,38,Metal,Low,No,7.7,Yes,1000,117337,4518
674,4033,13,Tile,Low,Yes,8.6,No,5000,90495,2875
675,871,14,Shingle,Medium,Yes,7.9,Yes,1000,49164,4587
676,2891,15,Shingle,Medium,Yes,3.7,No,2000,188495,1720
677,3346,38,Shingle,Medium,Yes,1.7,No,5000,164272,1320
678,4581,41,Shingle,Low,No,2.5,No,5000,128755,931
679,860,5,Tile,High,Yes,7.3,No,500,25553,3868
680,4084,32,Shingle,High,Yes,7.3,No,2000,162977,3228
681,4924,36,Metal,High,Yes,5.8,No,5000,110675,4685
682,903,25,Tile,Medium,No,2.6,No,2000,83198,1841
683,3538,47,Shingle,Low,Yes,10.0,No,500,134695,4543
684,1839,36,Tile,High,Yes,4.2,No,1000,118681,2615
685,4875,32,Metal,Low,Yes,2.2,Yes,1000,111233,2157
686,4506,7,Metal,High,Yes,4.9,Yes,1000,156124,2349
687,3382,13,Tile,Low,No,6.5,No,5000,86167,3233
688,3768,47,Tile,Medium,No,6.2,No,5000,113950,2551
689,4080,44,Metal,High,No,0.6,No,5000,93823,1167
690,3870,16,Shingle,Medium,No,6.2,No,1000,190754,929
691,4397,16,Metal,Medium,No,7.1,Yes,5000,25337,811
692,1357,16,Shingle,Low,Yes,0.5,Yes,1000,82659,1393
693,2183,43,Metal,High,Yes,6.1,Yes,1000,164215,2930
694,3174,11,Shingle,Medium,No,9.1,No,2000,132619,2849
695,3155,26,Tile,Low,Yes,2.4,Yes,2000,171979,3037
696,2600,10,Tile,Low,No,1.9,Yes,1000,108240,1083
697,4988,17,Metal,Low,Yes,1.7,Yes,1000,198294,1590
698,2264,7,Tile,Low,Yes,3.2,Yes,2000,95526,4207
699,1525,11,Metal,Low,Yes,1.5,No,1000,98805,2308
700,4431,18,Metal,Low,No,9.7,No,500,63652,1245
701,4782,26,Shingle,High,Yes,6.7,Yes,500,24572,2093
702,1756,1,Metal,Low,No,7.2,Yes,5000,67995,3329
703,4531,13,Tile,High,Yes,9.3,No,2000,10130,1190
704,1198,27,Metal,Medium,Yes,5.9,No,5000,177615,2701
705,2920,2,Shingle,Low,No,7.3,No,2000,140021,1543
706,4928,31,Tile,Medium,Yes,4.1,No,500,173426,3207
707,3586,14,Tile,High,Yes,2.5,No,5000,25498,4314
708,4917,28,Metal,High,No,1.1,No,5000,132585,4454
709,4071,16,Shingle,Medium,Yes,9.6,No,2000,77477,3339
710,3666,44,Metal,Low,Yes,1.4,Yes,1000,36508,3338
711,836,40,Tile,Medium,No,4.5,No,1000,199461,1205
712,3055,27,Shingle,High,No,4.1,Yes,2000,138987,2805
713,4695,48,Shingle,Medium,Yes,4.4,No,1000,14839,2967
714,997,6,Metal,High,No,1.7,No,2000,163522,4024
715,3369,23,Shingle,Low,No,5.8,No,2000,112786,4374
716,3544,14,Tile,High,No,4.0,No,5000,51360,3530
717,2919,14,Tile,High,Yes,2.6,Yes,500,112509,2140
718,1633,31,Metal,Medium,No,10.0,No,1000,149440,4957
719,1683,35,Tile,Low,No,9.8,No,5000,25461,2262
720,3455,21,Metal,Low,No,5.7,No,500,53582,1019
721,2448,16,Shingle,Medium,No,4.6,No,5000,105582,1498
722,2568,23,Tile,Medium,No,6.0,No,1000,32346,2488
723,1312,2,Tile,Medium,No,9.0,Yes,5000,161950,3504
724,1188,28,Shingle,Medium,No,4.7,Yes,500,178896,1111
725,4161,35,Shingle,Medium,No,1.7,No,1000,180497,4935
726,4410,12,Metal,Low,Yes,5.5,Yes,5000,132216,1612
727,1097,32,Metal,Medium,No,1.9,No,5000,122914,3119
728,987,41,Tile,Low,No,7.7,No,1000,150398,4053
729,2895,25,Shingle,Medium,Yes,3.7,Yes,2000,79656,4712
730,4709,41,Shingle,High,No,9.1,No,1000,53436,1214
731,4578,27,Shingle,Low,Yes,9.6,No,500,142308,4350
732,3517,41,Shingle,Low,No,6.0,Yes,2000,152291,3593
733,1618,10,Tile,High,No,1.8,Yes,1000,89394,3748
734,4037,46,Tile,High,Yes,6.0,No,5000,63684,4901
735,4058,1,Tile,High,Yes,7.6,No,500,63286,3607
736,1895,25,Tile,High,Yes,8.4,No,2000,117745,4912
737,2185,25,Shingle,Low,No,3.6,No,500,99149,4254
738,2704,7,Shingle,High,No,2.3,Yes,5000,144445,4248
739,1054,40,Metal,Low,Yes,4.8,Yes,500,37052,1098
740,2959,11,Shingle,High,No,2.2,Yes,500,14660,4502
741,1833,12,Tile,High,No,7.2,No,5000,57512,903
742,3943,24,Metal,Medium,Yes,8.0,No,1000,147897,1448
743,4260,25,Tile,High,No,9.5,No,2000,13787,3735
744,1688,12,Tile,High,Yes,9.8,No,2000,188251,2042
745,1834,7,Shingle,High,Yes,7.8,Yes,1000,147010,4497
746,1797,28,Tile,High,No,3.2,No,500,185444,1794
747,2051,33,Metal,Low,Yes,2.4,No,5000,177807,4256
748,2581,12,Shingle,Medium,No,1.5,Yes,500,53500,3235
749,2054,21,Tile,High,Yes,7.6,Yes,2000,72125,1996
750,2038,5,Tile,High,Yes,7.3,No,2000,112785,4111
751,2858,4,Metal,High,Yes,0.7,No,5000,143845,3184
752,3912,45,Metal,Low,Yes,7.5,No,2000,12871,1011
753,4895,26,Shingle,Medium,No,7.1,Yes,500,44691,1781
754,3590,35,Tile,Low,Yes,8.6,Yes,5000,133861,2296
755,2729,20,Metal,Medium,Yes,5.5,Yes,500,26863,917
756,2264,28,Metal,Low,Yes,5.4,No,5000,33407,3162
757,2062,6,Tile,Medium,Yes,4.6,No,500,197076,3834
758,1576,23,Shingle,High,No,0.6,Yes,500,63815,977
759,948,48,Metal,Low,Yes,2.2,No,500,63167,2679
760,4477,0,Tile,High,No,0.8,Yes,2000,38273,3212
761,2512,27,Shingle,Medium,Yes,7.8,Yes,5000,12466,2450
762,2619,39,Metal,High,Yes,3.6,Yes,1000,15382,4711
763,3298,19,Tile,Low,Yes,1.4,No,5000,193115,4918
764,1505,14,Metal,Low,Yes,9.8,Yes,5000,65020,4572
765,4863,23,Metal,Medium,Yes,9.5,No,500,109078,1516
766,4765,45,Metal,Low,Yes,5.7,Yes,5000,188374,1742
767,4804,35,Tile,High,No,2.7,No,1000,50469,2596
768,2803,2,Metal,High,No,3.8,No,1000,170234,4609
769,2830,36,Shingle,Low,Yes,3.6,Yes,500,35155,4150
770,1286,45,Shingle,High,Yes,2.4,No,500,196356,861
771,3311,21,Tile,Low,No,6.3,No,500,59436,4509
772,3882,32,Shingle,High,No,9.1,No,2000,117699,4256
773,1364,41,Shingle,Low,No,8.6,Yes,500,149678,4894
774,3936,28,Shingle,High,No,5.3,No,500,28586,2144
775,3727,45,Tile,Medium,Yes,2.0,No,2000,90986,4754
776,3978,37,Tile,High,No,4.7,No,2000,190946,4798
777,4938,25,Tile,Medium,Yes,7.1,Yes,1000,105192,3977
778,3010,23,Metal,Medium,No,9.1,No,5000,183874,2085
779,3989,26,Metal,Low,Yes,6.1,No,500,115018,2863
780,4158,44,Metal,Medium,No,0.9,No,5000,151318,3198
781,2021,31,Metal,Low,Yes,5.8,No,1000,29623,4987
782,1380,19,Metal,Low,No,4.8,Yes,1000,156715,1548
783,2851,31,Metal,High,Yes,8.6,Yes,2000,163906,4862
784,1920,40,Shingle,Medium,Yes,9.1,No,5000,187577,3832
785,4191,33,Shingle,High,Yes,5.1,Yes,500,92615,2460
786,1446,22,Tile,Low,Yes,0.6,No,2000,51581,3545
787,1607,4,Tile,Low,No,6.9,No,2000,189723,3283
788,3831,44,Tile,High,No,5.3,No,2000,102377,2161
789,2170,14,Shingle,Low,No,4.4,No,1000,60467,1085
790,3358,49,Metal,Medium,No,3.5,No,2000,131724,2696
791,2139,4,Metal,High,Yes,6.6,Yes,2000,90495,3305
792,1790,12,Shingle,Low,No,2.6,Yes,5000,41876,4456
793,2376,3,Metal,High,Yes,4.1,No,500,37577,4793
794,4380,40,Metal,Medium,Yes,6.0,Yes,5000,73297,4967
795,4262,9,Shingle,Low,No,7.1,Yes,1000,169405,3034
796,1821,11,Shingle,Medium,Yes,2.0,Yes,2000,86447,2220
797,1768,16,Shingle,High,Yes,8.8,No,1000,168094,1422
798,872,4,Tile,Medium,No,5.4,No,2000,55862,3920
799,1687,33,Metal,Medium,Yes,9.9,No,2000,86364,959
800,2232,6,Tile,Medium,Yes,7.8,No,1000,130573,1015
801,1133,2,Metal,Medium,No,1.2,No,2000,80553,3810
802,4318,5,Shingle,High,No,4.2,Yes,1000,36302,2917
803,3777,21,Tile,Medium,No,2.0,No,1000,194805,3481
804,2282,12,Tile,Medium,Yes,4.7,No,500,44543,2439
805,3792,37,Tile,Low,Yes,6.9,Yes,500,181768,1895
806,1388,8,Shingle,Medium,Yes,7.7,No,1000,133239,2986
807,1432,44,Shingle,High,Yes,3.5,Yes,1000,139232,2337
808,933,11,Metal,Medium,No,5.1,No,500,193119,3384
809,4127,43,Shingle,Medium,No,0.6,No,500,55501,4724
810,2497,35,Shingle,High,Yes,9.2,No,1000,98132,3169
811,2400,42,Metal,Low,Yes,5.1,Yes,500,56318,4236
812,2653,29,Metal,High,Yes,4.6,No,500,193958,1951
813,3982,25,Shingle,Low,Yes,9.7,No,1000,109555,1928
814,2840,35,Shingle,High,No,5.2,Yes,1000,131353,2986
815,2206,21,Shingle,Medium,Yes,7.1,Yes,1000,55652,1821
816,2547,37,Metal,Medium,No,1.6,No,500,47057,4247
817,2096,45,Tile,High,Yes,1.8,Yes,1000,134943,2732
818,3980,34,Shingle,Medium,Yes,2.7,Yes,2000,65176,3182
819,3701,12,Shingle,High,Yes,1.7,Yes,2000,176155,1298
820,2926,14,Metal,High,Yes,3.5,No,1000,110965,1723
821,3206,20,Shingle,High,Yes,6.3,Yes,2000,199353,4724
822,4250,10,Tile,High,No,1.9,No,1000,172382,3235
823,4209,19,Tile,Low,Yes,3.4,No,2000,78754,4230
824,1206,32,Metal,High,No,7.5,No,1000,88477,4605
825,2111,27,Metal,High,Yes,5.3,Yes,1000,196180,1149
826,3862,13,Tile,Medium,No,5.8,No,500,30905,4267
827,1114,42,Metal,Low,No,9.1,No,500,175648,2968
828,4757,4,Metal,Medium,Yes,5.0,No,1000,71553,1245
829,4417,38,Metal,High,No,0.9,Yes,5000,119112,2530
830,2227,10,Shingle,High,No,2.0,No,500,193007,4805
831,3367,17,Shingle,Medium,No,10.0,Yes,500,79438,3085
832,2106,49,Shingle,High,No,8.6,Yes,1000,144843,1340
833,3524,45,Shingle,Medium,No,8.3,Yes,500,78197,4102
834,2668,17,Metal,High,Yes,8.3,No,500,17293,2114
835,1517,44,Shingle,Low,No,6.3,No,2000,52164,1648
836,3169,25,Metal,Medium,No,2.2,Yes,2000,173553,4964
837,2569,41,Metal,Medium,Yes,1.0,Yes,2000,117851,4632
838,4306,39,Metal,Medium,No,3.0,No,1000,181957,1433
839,3053,20,Shingle,High,Yes,9.0,No,5000,27448,1708
840,4881,7,Shingle,High,Yes,0.8,Yes,1000,140183,4193
841,2321,29,Tile,Low,No,8.3,No,5000,66201,1346
842,1271,0,Metal,Low,No,6.0,Yes,1000,53441,3071
843,2193,47,Shingle,Low,Yes,6.8,Yes,500,108732,4727
844,1081,1,Shingle,Low,No,8.3,No,2000,38127,1951
845,948,20,Tile,High,Yes,4.4,No,500,110155,4720
846,2882,4,Shingle,Medium,No,2.9,No,1000,178632,3621
847,2133,46,Shingle,Medium,Yes,1.1,Yes,2000,94084,2216
848,4204,4,Shingle,High,No,1.5,No,500,13150,1867
849,3788,4,Tile,Medium,No,7.6,No,2000,187009,1481
850,1090,38,Shingle,Medium,Yes,6.9,Yes,2000,140261,2347
851,1517,3,Tile,Medium,Yes,1.1,Yes,5000,134287,4281
852,4290,27,Tile,High,Yes,4.5,No,500,192252,1233
853,1623,1,Shingle,Medium,No,9.6,Yes,1000,41962,4177
854,3843,13,Shingle,Low,Yes,0.9,Yes,1000,34295,1409
855,1682,21,Tile,Low,No,8.9,No,500,68058,2763
856,3103,32,Tile,Low,Yes,2.9,No,500,75200,1718
857,2621,20,Metal,Low,No,5.1,Yes,500,53732,1170
858,1875,27,Tile,Low,No,1.5,No,5000,51106,4362
859,3399,23,Shingle,High,Yes,9.6,Yes,2000,101561,2812
860,2883,6,Shingle,Low,Yes,9.2,Yes,1000,89112,1396
861,4676,2,Tile,High,Yes,8.9,No,5000,16150,3051
862,2038,21,Shingle,High,Yes,6.6,Yes,500,165573,4645
863,4668,25,Tile,High,No,9.7,No,5000,39202,3133
864,4532,41,Metal,Medium,Yes,1.6,Yes,1000,85123,1429
865,1462,9,Metal,Low,No,7.4,Yes,5000,92558,3689
866,3969,19,Tile,Low,Yes,0.5,No,5000,42372,2513
867,4580,43,Shingle,High,No,2.4,Yes,500,167084,4349
868,2695,28,Tile,Medium,No,0.9,No,5000,188686,1290
869,2870,29,Tile,Low,No,7.0,Yes,5000,17022,3023
870,1611,35,Metal,High,No,4.8,No,5000,74991,1620
871,4788,19,Metal,High,No,5.8,No,500,172892,3488
872,4227,20,Metal,Medium,Yes,6.8,Yes,1000,43609,3923
873,4167,48,Metal,Medium,Yes,4.8,No,2000,89071,1389
874,4774,25,Tile,Medium,Yes,6.0,No,500,142208,4400
875,1695,38,Tile,Low,Yes,1.9,No,2000,36629,3747
876,1225,38,Shingle,High,No,1.1,No,2000,41849,3668
877,2786,21,Shingle,Low,Yes,1.9,Yes,1000,58214,2530
878,4518,28,Tile,High,Yes,8.2,Yes,5000,148595,2109
879,4263,39,Shingle,Low,Yes,3.6,No,500,70678,3459
880,3624,25,Tile,Medium,Yes,6.0,Yes,1000,73296,2845
881,1365,43,Metal,High,No,9.2,No,2000,89054,1440
882,1790,3,Metal,High,No,5.1,No,2000,47030,2442
883,3435,17,Tile,Low,No,0.6,No,5000,137021,4390
884,1273,46,Metal,Medium,Yes,4.6,No,5000,172467,3691
885,4094,19,Tile,Low,Yes,9.2,Yes,1000,61372,1486
886,3018,19,Shingle,Low,Yes,6.8,Yes,500,21315,1671
887,3251,7,Metal,High,Yes,1.3,No,1000,161841,1525
888,3320,34,Metal,Medium,No,7.9,Yes,5000,131357,3869
889,4249,45,Tile,High,No,3.1,No,500,29862,4737
890,1646,0,Shingle,High,Yes,7.4,No,500,176831,1112
891,4012,46,Shingle,Low,No,2.1,Yes,2000,20902,4435
892,2274,43,Shingle,Low,Yes,7.5,Yes,5000,161355,2838
893,3304,41,Tile,Low,Yes,5.6,Yes,500,139843,4950
894,3348,20,Shingle,Low,Yes,3.6,Yes,2000,57455,2700
895,1859,37,Tile,Low,No,9.5,No,1000,94867,3832
896,1805,43,Shingle,High,No,4.0,No,1000,24425,1418
897,1099,19,Shingle,High,Yes,5.3,Yes,5000,150479,2969
898,4486,44,Shingle,Low,Yes,6.3,Yes,2000,123149,1570
899,1792,20,Metal,High,Yes,1.3,Yes,500,14684,4490
900,899,23,Tile,High,No,6.9,Yes,500,26996,3392
901,4400,20,Shingle,High,Yes,0.8,Yes,500,85616,4898
902,3018,33,Shingle,Medium,Yes,4.2,No,2000,134998,2569
903,821,38,Metal,High,Yes,4.1,No,500,137148,3871
904,3422,7,Metal,High,Yes,8.0,No,500,37786,2218
905,4829,11,Metal,High,Yes,7.2,Yes,500,124347,2745
906,2314,6,Tile,High,No,6.8,Yes,1000,46732,873
907,972,0,Metal,High,Yes,7.9,No,5000,148094,2607
908,2376,13,Tile,Medium,Yes,8.4,Yes,5000,54127,2820
909,4096,37,Shingle,High,No,4.4,Yes,500,126188,3484
910,1412,15,Metal,Medium,No,2.2,No,1000,71552,3541
911,4922,15,Tile,Low,No,7.4,No,1000,12391,2180
912,1862,21,Metal,Medium,No,7.5,Yes,1000,56243,3821
913,1697,0,Shingle,Medium,Yes,2.0,Yes,2000,123607,3310
914,3823,17,Shingle,Medium,Yes,6.8,No,5000,41267,3608
915,1881,45,Tile,Medium,No,7.2,Yes,1000,58806,2044
916,2476,9,Tile,Medium,No,1.9,No,2000,191525,3739
917,2283,49,Metal,High,No,9.8,No,1000,52242,2393
918,2106,45,Tile,Medium,No,9.6,No,500,165532,3035
919,3563,39,Shingle,High,No,2.6,No,2000,179982,2948
920,3067,41,Tile,Low,Yes,9.9,Yes,1000,178063,4143
921,3736,31,Tile,High,No,4.1,No,2000,101704,4611
922,2622,29,Metal,High,Yes,5.8,No,5000,27525,2664
923,1702,23,Metal,High,Yes,2.4,Yes,500,112072,3282
924,1875,21,Metal,Low,Yes,1.3,No,500,158295,1215
925,1509,49,Shingle,High,Yes,2.8,Yes,5000,99519,2011
926,4808,38,Metal,Medium,Yes,8.4,Yes,500,78368,1930
927,3784,0,Shingle,Medium,Yes,3.3,Yes,2000,199756,4003
928,3612,29,Metal,Low,Yes,0.7,No,2000,188037,4208
929,3554,27,Tile,High,No,2.4,Yes,2000,69981,4162
930,1112,15,Metal,Low,Yes,1.1,No,2000,131341,857
931,3228,31,Tile,Low,Yes,2.3,Yes,1000,179475,4865
932,4398,10,Metal,Low,Yes,9.8,Yes,5000,128211,2622
933,2363,49,Tile,High,No,4.3,No,2000,28871,2394
934,1549,5,Metal,Low,Yes,7.0,No,2000,171564,4002
935,4490,36,Metal,Medium,No,2.2,No,2000,31713,2409
936,1439,41,Tile,Low,Yes,1.9,No,2000,75508,2535
937,841,6,Shingle,High,Yes,9.9,No,2000,104399,1044
938,2524,1,Shingle,High,Yes,7.4,No,2000,155017,4802
939,3129,19,Shingle,Low,Yes,4.2,Yes,1000,118456,4387
940,4239,35,Tile,Low,Yes,9.9,No,5000,131929,1784
941,2069,49,Shingle,Low,No,3.4,No,2000,88243,1465
942,3858,6,Metal,High,No,5.1,Yes,500,14569,943
943,2030,8,Tile,Low,No,3.4,Yes,1000,14043,3583
944,2075,8,Shingle,High,No,8.0,No,1000,185733,1117
945,4906,19,Tile,Low,Yes,1.4,Yes,500,166743,3746
946,4415,1,Metal,Medium,Yes,0.5,Yes,5000,188195,1950
947,3650,4,Metal,High,Yes,5.5,Yes,5000,87386,3255
948,895,7,Metal,Medium,Yes,8.9,Yes,1000,39230,1692
949,4818,34,Shingle,Low,No,6.5,No,2000,104935,1745
950,3949,32,Metal,High,Yes,8.4,No,500,76469,2317
951,3052,4,Tile,High,Yes,2.2,Yes,2000,183475,804
952,2160,44,Tile,Low,Yes,7.8,Yes,1000,196498,2613
953,2585,13,Tile,Medium,No,5.3,No,2000,183721,908
954,833,32,Metal,High,Yes,1.1,Yes,500,68365,4989
955,3779,8,Tile,High,Yes,5.3,No,1000,168903,3824
956,4455,44,Shingle,Low,Yes,3.9,No,2000,197496,4950
957,4757,0,Metal,High,Yes,9.6,No,500,14438,4991
958,4692,26,Metal,Low,Yes,2.7,No,500,146989,1183
959,2127,36,Metal,Low,Yes,0.6,Yes,500,175971,2154
960,924,8,Tile,Low,Yes,1.8,No,1000,116535,3301
961,4653,23,Tile,Low,No,4.5,No,500,183360,921
962,4508,0,Tile,Low,Yes,0.9,No,5000,92724,1996
963,1480,4,Shingle,Medium,No,0.5,Yes,5000,23980,1616
964,4927,27,Metal,High,No,9.0,Yes,5000,116559,2344
965,4060,0,Shingle,Low,No,7.4,No,2000,38300,4289
966,2311,7,Metal,Low,No,6.5,No,1000,26190,2054
967,2955,33,Metal,High,Yes,2.6,Yes,5000,154766,4305
968,3275,30,Metal,High,Yes,6.9,No,5000,11996,1424
969,1585,32,Shingle,Medium,Yes,7.1,No,5000,190144,4675
970,2439,14,Metal,High,Yes,6.9,Yes,2000,88133,1387
971,4417,26,Shingle,Low,Yes,1.4,No,1000,64484,3267
972,3721,3,Shingle,High,No,6.0,Yes,1000,114254,1330
973,3003,17,Shingle,Low,Yes,1.0,Yes,1000,44878,2113
974,4375,16,Tile,High,Yes,3.5,No,2000,107774,2100
975,2050,13,Metal,Medium,Yes,4.3,No,1000,109572,4560
976,1589,0,Tile,High,No,2.5,Yes,5000,124411,1749
977,832,1,Shingle,Low,No,3.1,Yes,2000,130856,2653
978,3355,17,Metal,Medium,No,7.7,Yes,500,194417,2193
979,878,20,Metal,Low,No,2.4,No,500,113375,1642
980,3849,6,Tile,High,Yes,3.8,No,500,128516,1585
981,1567,10,Shingle,Low,No,6.2,No,500,146642,3186
982,3399,21,Tile,High,Yes,8.7,Yes,500,154394,3698
983,2119,13,Shingle,High,No,2.2,Yes,500,167733,1426
984,2617,1,Tile,Low,No,8.6,No,5000,187792,3952
985,3389,27,Tile,High,Yes,2.6,Yes,5000,155636,910
986,1725,49,Metal,Low,Yes,7.2,Yes,1000,18695,1768
987,1946,34,Tile,Low,Yes,8.8,No,1000,14482,3943
988,2056,21,Metal,Low,No,7.7,Yes,500,59922,831
989,4153,8,Tile,High,Yes,4.0,No,2000,70796,4448
990,2125,36,Metal,Low,Yes,9.7,No,1000,174599,2512
991,1316,37,Shingle,Low,Yes,3.6,Yes,2000,172520,3419
992,1247,14,Metal,High,Yes,5.0,No,1000,108001,1266
993,2062,10,Shingle,Low,Yes,5.0,No,2000,150236,3801
994,4613,28,Shingle,High,Yes,5.5,No,1000,106921,3384
995,4482,9,Metal,High,No,9.9,Yes,1000,34002,1210
996,2124,21,Metal,Medium,No,3.3,No,500,41544,2150
997,2892,5,Tile,Medium,Yes,2.6,No,1000,31109,3390
998,2410,10,Metal,High,No,4.6,Yes,500,183018,4150
999,2701,23,Metal,Low,No,7.6,No,5000,109195,3436
